{
    "challengeBackendInformation": {
        "isDefaultChallenge": true,
        "readableName": "Collect 1 rare mob",
        "progressWhenLocked": false
    },
    "challengeInfo": {
        "referenceId": "65ec2dbb-c665-4173-81b2-56816576262f",
        "duration": "Season",
        "type": "Regular",
        "endTimeUtc": "2023-09-24T02:00:00+02:00",
        "rewards": {
            "inventory": [
                {
                    "id": "1d549957-68d0-730a-56f3-d33996738d84",
                    "amount": 1
                }
            ],
            "buildplates": [],
            "challenges": [],
            "personaItems": [],
            "utilityBlocks": []
        },
        "percentComplete": 0,
        "isComplete": false,
        "state": "Locked",
        "category": "season_17",
        "currentCount": 0,
        "totalThreshold": 1,
        "parentId": "70961d0f-a762-4846-a79c-576d685263f4",
        "order": 32,
        "rarity": null,
        "prerequisiteLogicalCondition": "Or",
        "prerequisiteIds": [
            "ab2e0734-62b1-4383-a239-d1b4d4a93dc4",
            "152a875e-2389-4245-8e1f-08f1915d6c7a"
        ],
        "groupId": "cc456b52-1586-4e75-b7e9-aa811f609567",
        "clientProperties": {}
    },
    "challengeRequirements": {
        "items": [
            {
                "targetItems": {
                    "itemIds": null,
                    "tags": [
                        "mobs"
                    ],
                    "rarity": null
                },
                "sourceItems": null,
                "action": [
                    "ItemCrafted",
                    "ItemAwarded",
                    "ItemSmelted"
                ],
                "location": [],
                "threshold": 1,
                "shouldBeUnique": false
            }
        ]
    }
}