{
    "challengeBackendInformation": {
        "isDefaultChallenge": true,
        "readableName": "Collect an uncommon mob",
        "progressWhenLocked": false
    },
    "challengeInfo": {
        "referenceId": "606e21fb-6781-4773-87f6-158a20729f04",
        "duration": "Season",
        "type": "Regular",
        "endTimeUtc": "2023-09-24T02:00:00+02:00",
        "rewards": {
            "inventory": [
                {
                    "id": "c44c331a-962f-19df-16a5-ff4bcc03722d",
                    "amount": 1
                }
            ],
            "buildplates": [],
            "challenges": [],
            "personaItems": [],
            "utilityBlocks": []
        },
        "percentComplete": 0,
        "isComplete": false,
        "state": "Locked",
        "category": "season_17",
        "currentCount": 0,
        "totalThreshold": 1,
        "parentId": "3d82b9c1-f4e0-4a20-b87e-9a11734bcb6a",
        "order": 11,
        "rarity": null,
        "prerequisiteLogicalCondition": "Or",
        "prerequisiteIds": [
            "242b6706-8112-4302-819b-bde98fd574f6",
            "fb13127e-d19d-48bd-a977-f830eecff180"
        ],
        "groupId": "cc456b52-1586-4e75-b7e9-aa811f609567",
        "clientProperties": {}
    },
    "challengeRequirements": {
        "items": [
            {
                "targetItems": {
                    "itemIds": null,
                    "tags": [
                        "mobs"
                    ],
                    "rarity": null
                },
                "sourceItems": null,
                "action": [
                    "ItemCrafted",
                    "ItemAwarded",
                    "ItemSmelted"
                ],
                "location": [],
                "threshold": 1,
                "shouldBeUnique": false
            }
        ]
    }
}