{
    "challengeBackendInformation": {
        "isDefaultChallenge": true,
        "readableName": "Have a fancy chicken scare a pig on a buildplate",
        "progressWhenLocked": false
    },
    "challengeInfo": {
        "referenceId": "1e4899f5-039e-48f0-a1cc-bd1bda871e96",
        "duration": "Season",
        "type": "Regular",
        "endTimeUtc": "2023-09-24T02:00:00+02:00",
        "rewards": {
            "inventory": [],
            "buildplates": [],
            "challenges": [],
            "personaItems": [
                "230f5996-04b2-4f0e-83e5-4056c7f1d946"
            ],
            "utilityBlocks": []
        },
        "percentComplete": 0,
        "isComplete": false,
        "state": "Locked",
        "category": "season_17",
        "currentCount": 0,
        "totalThreshold": 1,
        "parentId": "70961d0f-a762-4846-a79c-576d685263f4",
        "order": 34,
        "rarity": null,
        "prerequisiteLogicalCondition": "Or",
        "prerequisiteIds": [
            "ab2e0734-62b1-4383-a239-d1b4d4a93dc4",
            "0b346237-79a4-4f24-a45a-e2e6284e3e56"
        ],
        "groupId": "cc456b52-1586-4e75-b7e9-aa811f609567",
        "clientProperties": {}
    },
    "challengeRequirements": {}
}