{
  "challengeBackendInformation": {
    "isDefaultChallenge": true,
    "readableName": "Collect 2 different types of leaves using shears",
    "progressWhenLocked": false
  },
  "challengeInfo": {
    "referenceId": "543a0397-25c5-4e2d-b39d-6d6287c7cbed",
    "duration": "Season",
    "type": "Regular",
    "endTimeUtc": "2023-09-24T02:00:00+02:00",
    "rewards": {
      "inventory": [
        {
          "id": "c409783a-8f32-fa9f-1026-54bbaaaedc38",
          "amount": 10
        }
      ],
      "buildplates": [
      ],
      "challenges": [
      ],
      "personaItems": [
      ],
      "utilityBlocks": [
      ]
    },
    "percentComplete": 0,
    "isComplete": false,
    "state": "Locked",
    "category": "season_17",
    "currentCount": 0,
    "totalThreshold": 2,
    "parentId": "3d82b9c1-f4e0-4a20-b87e-9a11734bcb6a",
    "order": 8,
    "rarity": null,
    "prerequisiteLogicalCondition": "Or",
    "prerequisiteIds": [
      "edf9f1dc-f73f-4275-a3e5-e1d9d861d158",
      "0d4c99ce-b485-4890-be69-caab88400df3"
    ],
    "groupId": "cc456b52-1586-4e75-b7e9-aa811f609567",
    "clientProperties": {
    }
  },
  "challengeRequirements": {
  }
}