{
  "challengeBackendInformation": {
    "isDefaultChallenge": true,
    "readableName": "Collect 2 raw salmon from a buildplate",
    "progressWhenLocked": false
  },
  "challengeInfo": {
    "referenceId": "1282801b-a5a8-4339-a587-b16d31468b55",
    "duration": "Season",
    "type": "Regular",
    "endTimeUtc": "2023-09-24T02:00:00+02:00",
    "rewards": {
      "inventory": [
      ],
      "rubies": 20,
      "buildplates": [
      ],
      "challenges": [
      ],
      "personaItems": [
      ],
      "utilityBlocks": [
      ]
    },
    "percentComplete": 0,
    "isComplete": false,
    "state": "Locked",
    "category": "season_17",
    "currentCount": 0,
    "totalThreshold": 2,
    "parentId": "70961d0f-a762-4846-a79c-576d685263f4",
    "order": 24,
    "rarity": null,
    "prerequisiteLogicalCondition": "Or",
    "prerequisiteIds": [
      "dbdb4592-4211-4ffe-a76c-8a3a2213c93c",
      "3183cf3d-19e5-4bf5-b8a8-3085f4e650d3"
    ],
    "groupId": "cc456b52-1586-4e75-b7e9-aa811f609567",
    "clientProperties": {
    }
  },
  "challengeRequirements": {
    "items": [
      {
        "targetItems": {
          "itemIds": [
            "9b925673-d56d-435f-4728-0790727b33d3"
          ],
          "tags": null,
          "rarity": null
        },
        "sourceItems": null,
        "action": [
          "ItemCrafted",
          "ItemAwarded",
          "ItemSmelted"
        ],
        "location": [
        ],
        "threshold": 2,
        "shouldBeUnique": false
      }
    ]
  }
}