{
    "challengeBackendInformation": {
        "isDefaultChallenge": true,
        "readableName": "Place 2 rare mobs on a buildplate",
        "progressWhenLocked": false
    },
    "challengeInfo": {
        "referenceId": "f3410363-8eee-4c60-8075-d785c02f158e",
        "duration": "Season",
        "type": "Regular",
        "endTimeUtc": "2023-09-24T02:00:00+02:00",
        "rewards": {
            "inventory": [
                {
                    "id": "1eb4c044-716e-4a26-80f3-be2a7f30fe70",
                    "amount": 1
                }
            ],
            "buildplates": [],
            "challenges": [],
            "personaItems": [],
            "utilityBlocks": []
        },
        "percentComplete": 0,
        "isComplete": false,
        "state": "Locked",
        "category": "season_17",
        "currentCount": 0,
        "totalThreshold": 2,
        "parentId": "70961d0f-a762-4846-a79c-576d685263f4",
        "order": 28,
        "rarity": null,
        "prerequisiteLogicalCondition": "Or",
        "prerequisiteIds": [
            "26f62499-5996-477a-8530-22f852b1ccad",
            "3183cf3d-19e5-4bf5-b8a8-3085f4e650d3",
            "a1394f77-20ba-44c2-b46c-e8d7933f2e51"
        ],
        "groupId": "cc456b52-1586-4e75-b7e9-aa811f609567",
        "clientProperties": {}
    },
    "challengeRequirements": {}
}