{
  "challengeBackendInformation": {
    "isDefaultChallenge": true,
    "readableName": "Collect 6 dark oak slabs",
    "progressWhenLocked": false
  },
  "challengeInfo": {
    "referenceId": "857ba971-9a35-4119-b674-9cb12bfd0693",
    "duration": "Season",
    "type": "Regular",
    "endTimeUtc": "2023-09-24T02:00:00+02:00",
    "rewards": {
      "inventory": [
        {
          "id": "79a0bc61-84e6-4c77-ba12-df0bad32a06f",
          "amount": 1
        }
      ],
      "buildplates": [
      ],
      "challenges": [
      ],
      "personaItems": [
      ],
      "utilityBlocks": [
      ]
    },
    "percentComplete": 0,
    "isComplete": false,
    "state": "Locked",
    "category": "season_17",
    "currentCount": 0,
    "totalThreshold": 6,
    "parentId": "70961d0f-a762-4846-a79c-576d685263f4",
    "order": 27,
    "rarity": null,
    "prerequisiteLogicalCondition": "Or",
    "prerequisiteIds": [
      "29ebe650-072f-4f70-996f-4ffdda93ed1f",
      "2ebbf878-5c69-4f55-8858-83bd53c57381",
      "ab2e0734-62b1-4383-a239-d1b4d4a93dc4"
    ],
    "groupId": "cc456b52-1586-4e75-b7e9-aa811f609567",
    "clientProperties": {
    }
  },
  "challengeRequirements": {
    "items": [
      {
        "targetItems": {
          "itemIds": [
            "393d90c3-4968-72ab-22c9-dff5d0ec3861"
          ],
          "tags": null,
          "rarity": null
        },
        "sourceItems": null,
        "action": [
          "ItemCrafted",
          "ItemAwarded",
          "ItemSmelted"
        ],
        "location": [
        ],
        "threshold": 6,
        "shouldBeUnique": false
      }
    ]
  }
}