{
  "challengeBackendInformation": {
    "isDefaultChallenge": true,
    "readableName": "Collect 3 different colors of terracotta for your journal",
    "progressWhenLocked": false
  },
  "challengeInfo": {
    "referenceId": "2a599738-efe0-45bf-8fec-1ff73b25f374",
    "duration": "Season",
    "type": "Regular",
    "endTimeUtc": "2023-09-24T02:00:00+02:00",
    "rewards": {
      "inventory": [
        {
          "id": "6e0d14d1-d406-4040-8582-3ec3d160079f",
          "amount": 1
        }
      ],
      "buildplates": [
      ],
      "challenges": [
      ],
      "personaItems": [
      ],
      "utilityBlocks": [
      ]
    },
    "percentComplete": 0,
    "isComplete": false,
    "state": "Locked",
    "category": "season_17",
    "currentCount": 0,
    "totalThreshold": 3,
    "parentId": "70961d0f-a762-4846-a79c-576d685263f4",
    "order": 18,
    "rarity": null,
    "prerequisiteLogicalCondition": "Or",
    "prerequisiteIds": [
      "96593763-a8a6-41f8-986a-8d6df0470c57",
      "dbdb4592-4211-4ffe-a76c-8a3a2213c93c"
    ],
    "groupId": "cc456b52-1586-4e75-b7e9-aa811f609567",
    "clientProperties": {
    }
  },
  "challengeRequirements": {
    "items": [
      {
        "targetItems": {
          "itemIds": null,
          "tags": [
            "Terracotta"
          ],
          "rarity": null
        },
        "sourceItems": null,
        "action": [
          "ItemJournalEntryUnlocked"
        ],
        "location": null,
        "threshold": 3,
        "shouldBeUnique": true
      }
    ]
  }
}