{
  "challengeBackendInformation": {
    "isDefaultChallenge": true,
    "readableName": "Use flint and steel on a creeper in an adventure",
    "progressWhenLocked": false
  },
  "challengeInfo": {
    "referenceId": "59c9d986-e9a0-4651-9575-9ecb30f932e6",
    "duration": "Season",
    "type": "Regular",
    "endTimeUtc": "2023-09-24T02:00:00+02:00",
    "rewards": {
      "inventory": [
        {
          "id": "7535d81e-c960-28f2-d3ca-d1fd7b813c34",
          "amount": 1
        }
      ],
      "buildplates": [
      ],
      "challenges": [
      ],
      "personaItems": [
      ],
      "utilityBlocks": [
      ]
    },
    "percentComplete": 0,
    "isComplete": false,
    "state": "Locked",
    "category": "season_17",
    "currentCount": 0,
    "totalThreshold": 1,
    "parentId": "70961d0f-a762-4846-a79c-576d685263f4",
    "order": 26,
    "rarity": null,
    "prerequisiteLogicalCondition": "Or",
    "prerequisiteIds": [
      "703c24f0-aedb-4fc1-bce8-6b06229b2006"
    ],
    "groupId": "cc456b52-1586-4e75-b7e9-aa811f609567",
    "clientProperties": {
    }
  },
  "challengeRequirements": {
  }
}