{
  "challengeBackendInformation": {
    "isDefaultChallenge": true,
    "readableName": "Collect 8 oak logs from adventures",
    "progressWhenLocked": false
  },
  "challengeInfo": {
    "referenceId": "09e5a7ea-c4a7-4401-af88-dcb8b4f47abe",
    "duration": "Season",
    "type": "Regular",
    "endTimeUtc": "2023-09-24T02:00:00+02:00",
    "rewards": {
      "inventory": [
        {
          "id": "75875fbb-9615-41da-9a04-5a1d290513b5",
          "amount": 1
        }
      ],
      "buildplates": [
      ],
      "challenges": [
      ],
      "personaItems": [
      ],
      "utilityBlocks": [
      ]
    },
    "percentComplete": 0,
    "isComplete": false,
    "state": "Locked",
    "category": "season_17",
    "currentCount": 0,
    "totalThreshold": 8,
    "parentId": "3d82b9c1-f4e0-4a20-b87e-9a11734bcb6a",
    "order": 9,
    "rarity": null,
    "prerequisiteLogicalCondition": "Or",
    "prerequisiteIds": [
      "8e052786-0495-4eb9-80bf-e1b36b9d89ef",
      "fb13127e-d19d-48bd-a977-f830eecff180"
    ],
    "groupId": "cc456b52-1586-4e75-b7e9-aa811f609567",
    "clientProperties": {
    }
  },
  "challengeRequirements": {
    "items": [
      {
        "targetItems": {
          "itemIds": [
            "a1bf49f9-1f1f-2a4d-5f7b-c0c5ba833068",
            "f4a2ff14-d55b-3b77-437e-d2d293b84afd"
          ],
          "tags": null,
          "rarity": null
        },
        "sourceItems": null,
        "action": [
          "ItemCrafted",
          "ItemAwarded",
          "ItemSmelted"
        ],
        "location": [
        ],
        "threshold": 8,
        "shouldBeUnique": false
      }
    ]
  }
}