{
  "challengeBackendInformation": {
    "isDefaultChallenge": true,
    "readableName": "Defeat 2 spiders with a sword",
    "progressWhenLocked": false
  },
  "challengeInfo": {
    "referenceId": "f022ad24-44e4-484e-b839-77237bb3d1b8",
    "duration": "Season",
    "type": "Regular",
    "endTimeUtc": "2023-09-24T02:00:00+02:00",
    "rewards": {
      "inventory": [
        {
          "id": "ea7306fa-9dd0-897f-d1a8-2529521cd5f2",
          "amount": 1
        }
      ],
      "buildplates": [
      ],
      "challenges": [
      ],
      "personaItems": [
      ],
      "utilityBlocks": [
      ]
    },
    "percentComplete": 0,
    "isComplete": false,
    "state": "Locked",
    "category": "season_17",
    "currentCount": 0,
    "totalThreshold": 2,
    "parentId": "3d82b9c1-f4e0-4a20-b87e-9a11734bcb6a",
    "order": 6,
    "rarity": null,
    "prerequisiteLogicalCondition": "Or",
    "prerequisiteIds": [
      "e81d6ce8-622c-461a-a2d5-bb1f8ac36c62",
      "761c6754-ad1f-4cbf-a116-8a1e1dd611b9"
    ],
    "groupId": "cc456b52-1586-4e75-b7e9-aa811f609567",
    "clientProperties": {
    }
  },
  "challengeRequirements": {
  }
}