{
  "challengeBackendInformation": {
    "isDefaultChallenge": true,
    "readableName": "Collect 8 gold ore from adventures",
    "progressWhenLocked": false
  },
  "challengeInfo": {
    "referenceId": "d4a304cf-d6b5-4fcd-862c-8d7f3418443e",
    "duration": "Season",
    "type": "Regular",
    "endTimeUtc": "2023-09-24T02:00:00+02:00",
    "rewards": {
      "inventory": [
        {
          "id": "c4231eb5-8fc0-4ad7-ad18-ecfcb0734049",
          "amount": 1
        }
      ],
      "buildplates": [
      ],
      "challenges": [
      ],
      "personaItems": [
      ],
      "utilityBlocks": [
      ]
    },
    "percentComplete": 0,
    "isComplete": false,
    "state": "Locked",
    "category": "season_17",
    "currentCount": 0,
    "totalThreshold": 8,
    "parentId": "70961d0f-a762-4846-a79c-576d685263f4",
    "order": 19,
    "rarity": null,
    "prerequisiteLogicalCondition": "Or",
    "prerequisiteIds": [
      "96593763-a8a6-41f8-986a-8d6df0470c57",
      "abd271f8-22cd-42ff-b985-cd5e642ea25a"
    ],
    "groupId": "cc456b52-1586-4e75-b7e9-aa811f609567",
    "clientProperties": {
    }
  },
  "challengeRequirements": {
    "items": [
      {
        "targetItems": {
          "itemIds": [
            "b1160704-52a1-6c7e-d0f1-deb06359ce1a"
          ],
          "tags": null,
          "rarity": null
        },
        "sourceItems": null,
        "action": [
          "ItemCrafted",
          "ItemAwarded",
          "ItemSmelted"
        ],
        "location": [
        ],
        "threshold": 8,
        "shouldBeUnique": false
      }
    ]
  }
}