{
  "challengeBackendInformation": {
    "isDefaultChallenge": true,
    "readableName": "Place a squid and a glowsquid on a buildplate",
    "progressWhenLocked": false
  },
  "challengeInfo": {
    "referenceId": "5a6fbcce-2d2d-47f9-b36e-4d34c351f8a3",
    "duration": "Season",
    "type": "Regular",
    "endTimeUtc": "2023-09-24T02:00:00+02:00",
    "rewards": {
      "inventory": [
        {
          "id": "123dd088-ba76-71ce-b40c-2f05b948f303",
          "amount": 1
        }
      ],
      "buildplates": [
      ],
      "challenges": [
      ],
      "personaItems": [
      ],
      "utilityBlocks": [
      ]
    },
    "percentComplete": 0,
    "isComplete": false,
    "state": "Locked",
    "category": "season_17",
    "currentCount": 0,
    "totalThreshold": 2,
    "parentId": "70961d0f-a762-4846-a79c-576d685263f4",
    "order": 22,
    "rarity": null,
    "prerequisiteLogicalCondition": "Or",
    "prerequisiteIds": [
      "8ff3a6c3-0a1a-4343-8672-7f559cc8918d",
      "dbdb4592-4211-4ffe-a76c-8a3a2213c93c",
      "26f62499-5996-477a-8530-22f852b1ccad"
    ],
    "groupId": "cc456b52-1586-4e75-b7e9-aa811f609567",
    "clientProperties": {
    }
  },
  "challengeRequirements": {
  }
}