{
  "challengeBackendInformation": {
    "isDefaultChallenge": true,
    "readableName": "Grandparent (group)",
    "progressWhenLocked": false
  },
  "challengeInfo": {
    "referenceId": "a46e0e1e-51cd-4fbc-b3b2-f6d33c78532c",
    "duration": "Season",
    "type": "Regular",
    "endTimeUtc": "2023-09-24T02:00:00+02:00",
    "rewards": {
      "inventory": [
      ],
      "buildplates": [
      ],
      "challenges": [
      ],
      "personaItems": [
      ],
      "utilityBlocks": [
      ]
    },
    "percentComplete": 0,
    "isComplete": false,
    "state": "Active",
    "category": "season_17",
    "currentCount": 0,
    "totalThreshold": 1,
    "parentId": null,
    "order": 0,
    "rarity": null,
    "prerequisiteLogicalCondition": "And",
    "prerequisiteIds": [
    ],
    "groupId": "cc456b52-1586-4e75-b7e9-aa811f609567",
    "clientProperties": {
    }
  },
  "challengeRequirements": {
    "challenges": [
      {
        "targetChallengeIds": [
          "6b336cdb-77fc-4d43-b0c9-cb80bafe52eb"
        ],
        "durations": null,
        "rarities": null,
        "threshold": 1
      }
    ]
  }
}