{
  "challengeBackendInformation": {
    "isDefaultChallenge": true,
    "readableName": "Place an uncommon mob on a buildplate",
    "progressWhenLocked": false
  },
  "challengeInfo": {
    "referenceId": "e02e6a5d-8541-4d34-a2ee-9bcdcc3381a4",
    "duration": "Season",
    "type": "Regular",
    "endTimeUtc": "2023-09-24T02:00:00+02:00",
    "rewards": {
      "inventory": [
        {
          "id": "0d494b76-58cd-4744-aa3e-affe0e4ebb87",
          "amount": 1
        }
      ],
      "buildplates": [
      ],
      "challenges": [
      ],
      "personaItems": [
      ],
      "utilityBlocks": [
      ]
    },
    "percentComplete": 0,
    "isComplete": false,
    "state": "Locked",
    "category": "season_17",
    "currentCount": 0,
    "totalThreshold": 1,
    "parentId": "3d82b9c1-f4e0-4a20-b87e-9a11734bcb6a",
    "order": 10,
    "rarity": null,
    "prerequisiteLogicalCondition": "Or",
    "prerequisiteIds": [
      "d8d2abd5-f318-4c34-a257-57b9691a2774",
      "fb13127e-d19d-48bd-a977-f830eecff180"
    ],
    "groupId": "cc456b52-1586-4e75-b7e9-aa811f609567",
    "clientProperties": {
    }
  },
  "challengeRequirements": {
  }
}