{
  "challengeBackendInformation": {
    "isDefaultChallenge": true,
    "readableName": "Play 2 adventures",
    "progressWhenLocked": false
  },
  "challengeInfo": {
    "referenceId": "10986d40-516f-459b-bc24-a16296998c1e",
    "duration": "Season",
    "type": "Regular",
    "endTimeUtc": "2023-09-24T02:00:00+02:00",
    "rewards": {
      "inventory": [
        {
          "id": "eea50131-e909-214f-d5d2-e8b83febe31a",
          "amount": 30
        }
      ],
      "buildplates": [
      ],
      "challenges": [
      ],
      "personaItems": [
      ],
      "utilityBlocks": [
      ]
    },
    "percentComplete": 0,
    "isComplete": false,
    "state": "Locked",
    "category": "season_17",
    "currentCount": 0,
    "totalThreshold": 2,
    "parentId": "3d82b9c1-f4e0-4a20-b87e-9a11734bcb6a",
    "order": 3,
    "rarity": null,
    "prerequisiteLogicalCondition": "Or",
    "prerequisiteIds": [
      "f0532069-a70a-4a01-8611-f770bb46d9cd",
      "8e052786-0495-4eb9-80bf-e1b36b9d89ef"
    ],
    "groupId": "cc456b52-1586-4e75-b7e9-aa811f609567",
    "clientProperties": {
    }
  },
  "challengeRequirements": {
  }
}