{
  "challengeBackendInformation": {
    "isDefaultChallenge": true,
    "readableName": "Defeat 4 hostile mobs with a gold pick axe",
    "progressWhenLocked": false
  },
  "challengeInfo": {
    "referenceId": "92ed3b3a-a132-44c8-8045-2d6d828c0177",
    "duration": "Season",
    "type": "Regular",
    "endTimeUtc": "2023-09-24T02:00:00+02:00",
    "rewards": {
      "inventory": [
        {
          "id": "81a84b7e-928f-7157-254c-6543e90dbc59",
          "amount": 1
        }
      ],
      "buildplates": [
      ],
      "challenges": [
      ],
      "personaItems": [
      ],
      "utilityBlocks": [
      ]
    },
    "percentComplete": 0,
    "isComplete": false,
    "state": "Locked",
    "category": "season_17",
    "currentCount": 0,
    "totalThreshold": 4,
    "parentId": "3d82b9c1-f4e0-4a20-b87e-9a11734bcb6a",
    "order": 13,
    "rarity": null,
    "prerequisiteLogicalCondition": "Or",
    "prerequisiteIds": [
      "761c6754-ad1f-4cbf-a116-8a1e1dd611b9",
      "d434c853-7fab-4ac7-b64b-80fb6dd9ddd9",
      "0d4c99ce-b485-4890-be69-caab88400df3"
    ],
    "groupId": "cc456b52-1586-4e75-b7e9-aa811f609567",
    "clientProperties": {
    }
  },
  "challengeRequirements": {
  }
}