{
  "id": "b46ac8e2-6a31-5fb4-2217-cf9ff019d05c",
  "item": {
    "name": "adventure_crystal_oobe",
    "aux": 0,
    "type": "AdventureScroll",
    "useType": "Consume",
    "tapSpeed": 0,
    "heal": 0,
    "nutrition": 0,
    "mobDamage": 0,
    "blockDamage": 0,
    "health": 0,
    "blockMetadata": {
      "health": 0,
      "efficiencyCategory": null
    },
    "itemMetadata": {
      "useType": "Consume",
      "alternativeUseType": "None",
      "mobDamage": 0,
      "blockDamage": 0,
      "weakDamage": null,
      "nutrition": 0,
      "heal": 0,
      "efficiencyType": null,
      "maxHealth": 0
    },
    "boostMetadata": null,
    "journalMetadata": null,
    "audioMetadata": null,
    "clientProperties": {}
  },
  "rarity": "oobe",
  "fragmentsRequired": 1,
  "stacks": true,
  "burnRate": null,
  "fuelReturnItems": [],
  "consumeReturnItems": [],
  "deprecated": false,
  "experience": null,
  "experiencePoints": {},
  "category": "Items"
}
