{
  "id": "4f16a053-4929-263a-c91a-29663e29df76",
  "item": {
    "name": "adventure_crystal_common",
    "aux": 0,
    "type": "AdventureScroll",
    "useType": "Consume",
    "tapSpeed": 0,
    "heal": 0,
    "nutrition": 0,
    "mobDamage": 0,
    "blockDamage": 0,
    "health": 0,
    "blockMetadata": {
      "health": 0,
      "efficiencyCategory": "instant"
    },
    "itemMetadata": {
      "useType": "Consume",
      "alternativeUseType": "None",
      "mobDamage": 0,
      "blockDamage": 0,
      "weakDamage": null,
      "nutrition": 0,
      "heal": 0,
      "efficiencyType": null,
      "maxHealth": 0
    },
    "boostMetadata": null,
    "journalMetadata": null,
    "audioMetadata": null,
    "clientProperties": {}
  },
  "rarity": "Common",
  "fragmentsRequired": 1,
  "stacks": true,
  "burnRate": null,
  "fuelReturnItems": [],
  "consumeReturnItems": [],
  "deprecated": false,
  "experience": 20,
  "experiencePoints": {
    "tappable": 20
  },
  "category": "Items"
}
