{
  "id": "81a84b7e-928f-7157-254c-6543e90dbc59",
  "item": {
    "name": "adventure_crystal_uncommon",
    "aux": 0,
    "type": "AdventureScroll",
    "useType": "Consume",
    "tapSpeed": 0,
    "heal": 0,
    "nutrition": 0,
    "mobDamage": 0,
    "blockDamage": 0,
    "health": 0,
    "blockMetadata": {
      "health": 0,
      "efficiencyCategory": null
    },
    "itemMetadata": {
      "useType": "Consume",
      "alternativeUseType": "None",
      "mobDamage": 0,
      "blockDamage": 0,
      "weakDamage": null,
      "nutrition": 0,
      "heal": 0,
      "efficiencyType": null,
      "maxHealth": 0
    },
    "boostMetadata": null,
    "journalMetadata": null,
    "audioMetadata": null,
    "clientProperties": {}
  },
  "rarity": "Uncommon",
  "fragmentsRequired": 1,
  "stacks": true,
  "burnRate": null,
  "fuelReturnItems": [],
  "consumeReturnItems": [],
  "deprecated": false,
  "experience": null,
  "experiencePoints": {},
  "category": "Items"
}
