{
  "id": "bd3db2c5-1dbd-8f99-9064-4547590523ef",
  "item": {
    "name": "apple",
    "aux": 0,
    "type": "Boost",
    "useType": "Consume",
    "tapSpeed": 0,
    "heal": 2,
    "nutrition": 0,
    "mobDamage": 0,
    "blockDamage": 0,
    "health": 0,
    "blockMetadata": {
      "health": 0,
      "efficiencyCategory": "instant"
    },
    "itemMetadata": {
      "useType": "Consume",
      "alternativeUseType": "None",
      "mobDamage": 0,
      "blockDamage": 0,
      "weakDamage": null,
      "nutrition": 0,
      "heal": 2,
      "efficiencyType": null,
      "maxHealth": 0
    },
    "boostMetadata": {
      "name": "apple",
      "attribute": "Healing",
      "type": "InventoryItem",
      "canBeDeactivated": false,
      "canBeRemoved": false,
      "activeDuration": null,
      "additive": true,
      "level": null,
      "effects": [
        {
          "type": "Health",
          "duration": null,
          "value": 2,
          "unit": "Increment",
          "targets": "Player",
          "items": [],
          "itemScenarios": [],
          "activation": "Instant",
          "modifiesType": null
        }
      ],
      "scenario": null,
      "cooldown": null
    },
    "journalMetadata": {
      "groupKey": "natural items",
      "experience": 0,
      "order": 260,
      "behavior": "None",
      "biome": "Forest"
    },
    "audioMetadata": {
      "sounds": {
        "journal": "journal.select.food"
      },
      "defaultSound": "journal.select.food"
    },
    "clientProperties": {}
  },
  "rarity": "Common",
  "fragmentsRequired": 1,
  "stacks": true,
  "burnRate": null,
  "fuelReturnItems": [],
  "consumeReturnItems": [],
  "deprecated": false,
  "experience": 1,
  "experiencePoints": {
    "tappable": 1
  },
  "category": "Nature"
}
