{
  "id": "dfc3092d-5618-f9b2-6dd4-7825841dbb47",
  "item": {
    "name": "bed",
    "aux": 12,
    "type": "Block",
    "useType": "Build",
    "tapSpeed": 0,
    "heal": 0,
    "nutrition": 0,
    "mobDamage": 0,
    "blockDamage": 0,
    "health": 2,
    "blockMetadata": {
      "health": 2,
      "efficiencyCategory": "equal"
    },
    "itemMetadata": {
      "useType": "Build",
      "alternativeUseType": "None",
      "mobDamage": 0,
      "blockDamage": 0,
      "weakDamage": null,
      "nutrition": 0,
      "heal": 0,
      "efficiencyType": null,
      "maxHealth": 2
    },
    "boostMetadata": null,
    "journalMetadata": {
      "groupKey": "beds",
      "experience": 0,
      "order": 2367,
      "behavior": "None",
      "biome": "None"
    },
    "audioMetadata": null,
    "clientProperties": {}
  },
  "rarity": "Uncommon",
  "fragmentsRequired": 1,
  "stacks": true,
  "burnRate": null,
  "fuelReturnItems": [],
  "consumeReturnItems": [],
  "deprecated": false,
  "experience": 1,
  "experiencePoints": {
    "tappable": 1
  },
  "category": "Items"
}
