{
  "id": "9fca899c-6764-c9da-5e6b-47db6305aac9",
  "item": {
    "name": "beetroot_soup",
    "aux": 0,
    "type": "Boost",
    "useType": "Consume",
    "tapSpeed": 0,
    "heal": 6,
    "nutrition": 0,
    "mobDamage": 0,
    "blockDamage": 0,
    "health": 0,
    "blockMetadata": {
      "health": 0,
      "efficiencyCategory": null
    },
    "itemMetadata": {
      "useType": "Consume",
      "alternativeUseType": "None",
      "mobDamage": 0,
      "blockDamage": 0,
      "weakDamage": null,
      "nutrition": 0,
      "heal": 6,
      "efficiencyType": null,
      "maxHealth": 0
    },
    "boostMetadata": {
      "name": "beetroot_soup",
      "attribute": "Healing",
      "type": "InventoryItem",
      "canBeDeactivated": false,
      "canBeRemoved": false,
      "activeDuration": null,
      "additive": true,
      "level": null,
      "effects": [
        {
          "type": "Health",
          "duration": null,
          "value": 6,
          "unit": "Increment",
          "targets": "Player",
          "items": [],
          "itemScenarios": [],
          "activation": "Instant",
          "modifiesType": null
        }
      ],
      "scenario": null,
      "cooldown": null
    },
    "journalMetadata": {
      "groupKey": "food",
      "experience": 0,
      "order": 459,
      "behavior": "None",
      "biome": "None"
    },
    "audioMetadata": {
      "sounds": {
        "journal": "journal.select.drink"
      },
      "defaultSound": "journal.select.drink"
    },
    "clientProperties": {}
  },
  "rarity": "Uncommon",
  "fragmentsRequired": 1,
  "stacks": true,
  "burnRate": null,
  "fuelReturnItems": [],
  "consumeReturnItems": [
    {
      "id": "a2ff336f-5122-1736-c0d6-1556fe9d3e50",
      "amount": 1
    }
  ],
  "deprecated": false,
  "experience": null,
  "experiencePoints": {
    "tappable": 1
  },
  "category": "Equipment"
}
