{
  "id": "913156b3-c545-a8a1-8dec-0df0095af863",
  "item": {
    "name": "bucket",
    "aux": 0,
    "type": "Block",
    "useType": "InteractAndBuild",
    "tapSpeed": 0,
    "heal": 0,
    "nutrition": 0,
    "mobDamage": 0,
    "blockDamage": 0,
    "health": 0,
    "blockMetadata": {
      "health": 0,
      "efficiencyCategory": "instant"
    },
    "itemMetadata": {
      "useType": "InteractAndBuild",
      "alternativeUseType": "None",
      "mobDamage": 0,
      "blockDamage": 0,
      "weakDamage": null,
      "nutrition": 0,
      "heal": 0,
      "efficiencyType": null,
      "maxHealth": 0
    },
    "boostMetadata": null,
    "journalMetadata": {
      "groupKey": "manufactured items",
      "experience": 0,
      "order": 325,
      "behavior": "None",
      "biome": "None"
    },
    "audioMetadata": {
      "sounds": {
        "journal": "journal.select.bucket.empty"
      },
      "defaultSound": "journal.select.bucket.empty"
    },
    "clientProperties": {}
  },
  "rarity": "Rare",
  "fragmentsRequired": 1,
  "stacks": true,
  "burnRate": null,
  "fuelReturnItems": [],
  "consumeReturnItems": [],
  "deprecated": false,
  "experience": 50,
  "experiencePoints": {
    "tappable": 50,
    "crafting": 120,
    "smelting": 100
  },
  "category": "Items"
}
