{
  "id": "ea7306fa-9dd0-897f-d1a8-2529521cd5f2",
  "item": {
    "name": "bucket",
    "aux": 3,
    "type": "Block",
    "useType": "InteractAndBuild",
    "tapSpeed": 0,
    "heal": 0,
    "nutrition": 0,
    "mobDamage": 0,
    "blockDamage": 0,
    "health": 0,
    "blockMetadata": {
      "health": 0,
      "efficiencyCategory": null
    },
    "itemMetadata": {
      "useType": "InteractAndBuild",
      "alternativeUseType": "None",
      "mobDamage": 0,
      "blockDamage": 0,
      "weakDamage": null,
      "nutrition": 0,
      "heal": 0,
      "efficiencyType": null,
      "maxHealth": 0
    },
    "boostMetadata": null,
    "journalMetadata": {
      "groupKey": "special buckets",
      "experience": 0,
      "order": 2328,
      "behavior": "None",
      "biome": "None"
    },
    "audioMetadata": {
      "sounds": {
        "journal": "journal.select.bucket.fish"
      },
      "defaultSound": "journal.select.bucket.fish"
    },
    "clientProperties": {}
  },
  "rarity": "Rare",
  "fragmentsRequired": 1,
  "stacks": true,
  "burnRate": null,
  "fuelReturnItems": [],
  "consumeReturnItems": [],
  "deprecated": false,
  "experience": 1,
  "experiencePoints": {
    "tappable": 1
  },
  "category": "Items"
}
