{
  "id": "ea389d44-f530-3443-440c-d9c0bc89f53b",
  "item": {
    "name": "bucket",
    "aux": 10,
    "type": "Block",
    "useType": "InteractAndBuild",
    "tapSpeed": 0,
    "heal": 0,
    "nutrition": 0,
    "mobDamage": 0,
    "blockDamage": 0,
    "health": 0,
    "blockMetadata": {
      "health": 0,
      "efficiencyCategory": null
    },
    "itemMetadata": {
      "useType": "InteractAndBuild",
      "alternativeUseType": "None",
      "mobDamage": 0,
      "blockDamage": 0,
      "weakDamage": null,
      "nutrition": 0,
      "heal": 0,
      "efficiencyType": null,
      "maxHealth": 0
    },
    "boostMetadata": null,
    "journalMetadata": {
      "groupKey": "special buckets",
      "experience": 0,
      "order": 2335,
      "behavior": "None",
      "biome": "None"
    },
    "audioMetadata": {
      "sounds": {
        "journal": "journal.select.bucket.lava"
      },
      "defaultSound": "journal.select.bucket.lava"
    },
    "clientProperties": {}
  },
  "rarity": "Rare",
  "fragmentsRequired": 1,
  "stacks": true,
  "burnRate": {
    "heatPerSecond": 175,
    "burnTime": 3000
  },
  "fuelReturnItems": [
    {
      "id": "913156b3-c545-a8a1-8dec-0df0095af863",
      "amount": 1
    }
  ],
  "consumeReturnItems": [],
  "deprecated": false,
  "experience": 40,
  "experiencePoints": {
    "tappable": 40
  },
  "category": "Items"
}
