{
  "id": "051081b4-0e56-33c6-23db-1fab31aa7143",
  "item": {
    "name": "cactus",
    "aux": 0,
    "type": "Block",
    "useType": "Build",
    "tapSpeed": 0,
    "heal": 0,
    "nutrition": 0,
    "mobDamage": 0,
    "blockDamage": 0,
    "health": 4,
    "blockMetadata": {
      "health": 4,
      "efficiencyCategory": "plants"
    },
    "itemMetadata": {
      "useType": "Build",
      "alternativeUseType": "None",
      "mobDamage": 0,
      "blockDamage": 0,
      "weakDamage": null,
      "nutrition": 0,
      "heal": 0,
      "efficiencyType": null,
      "maxHealth": 4
    },
    "boostMetadata": null,
    "journalMetadata": {
      "groupKey": "plants",
      "experience": 0,
      "order": 81,
      "behavior": "None",
      "biome": "Desert"
    },
    "audioMetadata": null,
    "clientProperties": {}
  },
  "rarity": "Common",
  "fragmentsRequired": 1,
  "stacks": true,
  "burnRate": null,
  "fuelReturnItems": [],
  "consumeReturnItems": [],
  "deprecated": false,
  "experience": 1,
  "experiencePoints": {
    "tappable": 1
  },
  "category": "Nature"
}
