{
  "id": "4165940c-458f-e81c-b694-9446460ef9f5",
  "item": {
    "name": "clay_ball",
    "aux": 0,
    "type": "Block",
    "useType": "Interact",
    "tapSpeed": 0,
    "heal": 0,
    "nutrition": 0,
    "mobDamage": 0,
    "blockDamage": 0,
    "health": 0,
    "blockMetadata": {
      "health": 0,
      "efficiencyCategory": null
    },
    "itemMetadata": {
      "useType": "Interact",
      "alternativeUseType": "None",
      "mobDamage": 0,
      "blockDamage": 0,
      "weakDamage": null,
      "nutrition": 0,
      "heal": 0,
      "efficiencyType": null,
      "maxHealth": 0
    },
    "boostMetadata": null,
    "journalMetadata": {
      "groupKey": "natural items",
      "experience": 0,
      "order": 337,
      "behavior": "None",
      "biome": "Ocean"
    },
    "audioMetadata": null,
    "clientProperties": {}
  },
  "rarity": "Common",
  "fragmentsRequired": 1,
  "stacks": true,
  "burnRate": null,
  "fuelReturnItems": [],
  "consumeReturnItems": [],
  "deprecated": false,
  "experience": 2,
  "experiencePoints": {
    "tappable": 2
  },
  "category": "Items"
}
