{
  "id": "b1eebbc3-4061-a062-cceb-25f98c015f1b",
  "item": {
    "name": "concrete_powder",
    "aux": 6,
    "type": "Block",
    "useType": "Build",
    "tapSpeed": 0,
    "heal": 0,
    "nutrition": 0,
    "mobDamage": 0,
    "blockDamage": 0,
    "health": 5,
    "blockMetadata": {
      "health": 5,
      "efficiencyCategory": "ground"
    },
    "itemMetadata": {
      "useType": "Build",
      "alternativeUseType": "None",
      "mobDamage": 0,
      "blockDamage": 0,
      "weakDamage": null,
      "nutrition": 0,
      "heal": 0,
      "efficiencyType": null,
      "maxHealth": 5
    },
    "boostMetadata": null,
    "journalMetadata": {
      "groupKey": "manufactured blocks",
      "experience": 0,
      "order": 2243,
      "behavior": "None",
      "biome": "None"
    },
    "audioMetadata": {
      "sounds": {
        "journal": "journal.select.powder"
      },
      "defaultSound": "journal.select.powder"
    },
    "clientProperties": {}
  },
  "rarity": "Common",
  "fragmentsRequired": 1,
  "stacks": true,
  "burnRate": null,
  "fuelReturnItems": [],
  "consumeReturnItems": [],
  "deprecated": false,
  "experience": 1,
  "experiencePoints": {
    "tappable": 1
  },
  "category": "Construction"
}
