{
  "id": "4804696c-8532-ef40-be8a-cc0d723db893",
  "item": {
    "name": "double_stone_slab3",
    "aux": 0,
    "type": "EnvironmentBlock",
    "useType": "Use",
    "tapSpeed": 0,
    "heal": 0,
    "nutrition": 0,
    "mobDamage": 0,
    "blockDamage": 0,
    "health": 39,
    "blockMetadata": {
      "health": 39,
      "efficiencyCategory": null
    },
    "itemMetadata": {
      "useType": "Use",
      "alternativeUseType": "None",
      "mobDamage": 0,
      "blockDamage": 0,
      "weakDamage": null,
      "nutrition": 0,
      "heal": 0,
      "efficiencyType": null,
      "maxHealth": 39
    },
    "boostMetadata": null,
    "journalMetadata": null,
    "audioMetadata": null,
    "clientProperties": {}
  },
  "rarity": "Uncommon",
  "fragmentsRequired": 1,
  "stacks": true,
  "burnRate": null,
  "fuelReturnItems": [],
  "consumeReturnItems": [],
  "deprecated": false,
  "experience": 1,
  "experiencePoints": {
    "tappable": 1
  },
  "category": "Construction"
}
