{
  "id": "c43807f2-f50e-f409-957d-ff580661c745",
  "item": {
    "name": "farmland",
    "aux": 0,
    "type": "EnvironmentBlock",
    "useType": "Build",
    "tapSpeed": 0,
    "heal": 0,
    "nutrition": 0,
    "mobDamage": 0,
    "blockDamage": 0,
    "health": 5,
    "blockMetadata": {
      "health": 5,
      "efficiencyCategory": "ground"
    },
    "itemMetadata": {
      "useType": "Build",
      "alternativeUseType": "None",
      "mobDamage": 0,
      "blockDamage": 0,
      "weakDamage": null,
      "nutrition": 0,
      "heal": 0,
      "efficiencyType": null,
      "maxHealth": 5
    },
    "boostMetadata": null,
    "journalMetadata": null,
    "audioMetadata": null,
    "clientProperties": {}
  },
  "rarity": "Uncommon",
  "fragmentsRequired": 1,
  "stacks": true,
  "burnRate": null,
  "fuelReturnItems": [],
  "consumeReturnItems": [],
  "deprecated": false,
  "experience": 1,
  "experiencePoints": {
    "tappable": 1
  },
  "category": "Nature"
}
