{
  "id": "527a2c40-7a49-221a-a136-37968becb2f1",
  "item": {
    "name": "glass",
    "aux": 0,
    "type": "Block",
    "useType": "Build",
    "tapSpeed": 0,
    "heal": 0,
    "nutrition": 0,
    "mobDamage": 0,
    "blockDamage": 0,
    "health": 8,
    "blockMetadata": {
      "health": 8,
      "efficiencyCategory": "equal"
    },
    "itemMetadata": {
      "useType": "Build",
      "alternativeUseType": "None",
      "mobDamage": 0,
      "blockDamage": 0,
      "weakDamage": null,
      "nutrition": 0,
      "heal": 0,
      "efficiencyType": null,
      "maxHealth": 8
    },
    "boostMetadata": null,
    "journalMetadata": {
      "groupKey": "Smelted Materials",
      "experience": 10,
      "order": 1,
      "behavior": "None",
      "biome": "None"
    },
    "audioMetadata": {
      "sounds": {
        "journal": "journal.select.glass"
      },
      "defaultSound": "journal.select.glass"
    },
    "clientProperties": {}
  },
  "rarity": "Common",
  "fragmentsRequired": 1,
  "stacks": true,
  "burnRate": null,
  "fuelReturnItems": [],
  "consumeReturnItems": [],
  "deprecated": false,
  "experience": 6,
  "experiencePoints": {
    "tappable": 6
  },
  "category": "Construction"
}
