{
  "id": "a1c6f586-c60c-929c-276d-bf24f0e174d1",
  "item": {
    "name": "glowstone",
    "aux": 0,
    "type": "Block",
    "useType": "Build",
    "tapSpeed": 0,
    "heal": 0,
    "nutrition": 0,
    "mobDamage": 0,
    "blockDamage": 0,
    "health": 5,
    "blockMetadata": {
      "health": 5,
      "efficiencyCategory": "equal"
    },
    "itemMetadata": {
      "useType": "Build",
      "alternativeUseType": "None",
      "mobDamage": 0,
      "blockDamage": 0,
      "weakDamage": null,
      "nutrition": 0,
      "heal": 0,
      "efficiencyType": null,
      "maxHealth": 5
    },
    "boostMetadata": null,
    "journalMetadata": {
      "groupKey": "natural blocks",
      "experience": 0,
      "order": 89,
      "behavior": "None",
      "biome": "Hell"
    },
    "audioMetadata": null,
    "clientProperties": {}
  },
  "rarity": "Common",
  "fragmentsRequired": 1,
  "stacks": true,
  "burnRate": null,
  "fuelReturnItems": [],
  "consumeReturnItems": [],
  "deprecated": false,
  "experience": 1,
  "experiencePoints": {
    "tappable": 1
  },
  "category": "Items"
}
