{
  "id": "0848f115-99c3-7d96-6eed-8021ab6bb3ce",
  "item": {
    "name": "iron_door",
    "aux": 0,
    "type": "Block",
    "useType": "Build",
    "tapSpeed": 0,
    "heal": 0,
    "nutrition": 0,
    "mobDamage": 0,
    "blockDamage": 0,
    "health": 54,
    "blockMetadata": {
      "health": 54,
      "efficiencyCategory": "metal_1"
    },
    "itemMetadata": {
      "useType": "Build",
      "alternativeUseType": "None",
      "mobDamage": 0,
      "blockDamage": 0,
      "weakDamage": null,
      "nutrition": 0,
      "heal": 0,
      "efficiencyType": null,
      "maxHealth": 54
    },
    "boostMetadata": null,
    "journalMetadata": {
      "groupKey": "mechanisms",
      "experience": 0,
      "order": 330,
      "behavior": "None",
      "biome": "None"
    },
    "audioMetadata": {
      "sounds": {
        "journal": "journal.select.door"
      },
      "defaultSound": "journal.select.door"
    },
    "clientProperties": {}
  },
  "rarity": "Rare",
  "fragmentsRequired": 1,
  "stacks": true,
  "burnRate": null,
  "fuelReturnItems": [],
  "consumeReturnItems": [],
  "deprecated": false,
  "experience": 20,
  "experiencePoints": {
    "tappable": 20
  },
  "category": "Construction"
}
