{
  "id": "adbdd36c-4e8c-43b9-99c5-be17c1a56761",
  "item": {
    "name": "iron_hoe",
    "aux": 0,
    "type": "Tool",
    "useType": "InteractAndBuild",
    "tapSpeed": 0,
    "heal": 0,
    "nutrition": 0,
    "mobDamage": 1,
    "blockDamage": 8,
    "health": 1004,
    "blockMetadata": {
      "health": 1004,
      "efficiencyCategory": "instant"
    },
    "itemMetadata": {
      "useType": "InteractAndBuild",
      "alternativeUseType": "Destroy",
      "mobDamage": 1,
      "blockDamage": 8,
      "weakDamage": null,
      "nutrition": 0,
      "heal": 0,
      "efficiencyType": "hoe",
      "maxHealth": 1004
    },
    "boostMetadata": null,
    "journalMetadata": {
      "groupKey": "iron tools",
      "experience": 0,
      "order": 292,
      "behavior": "None",
      "biome": "None"
    },
    "audioMetadata": null,
    "clientProperties": {}
  },
  "rarity": "Rare",
  "fragmentsRequired": 1,
  "stacks": false,
  "burnRate": null,
  "fuelReturnItems": [],
  "consumeReturnItems": [],
  "deprecated": false,
  "experience": 1,
  "experiencePoints": {
    "tappable": 1
  },
  "category": "Equipment"
}
