{
  "id": "87d0851b-c7f3-4df0-b214-6280ecf788f6",
  "item": {
    "name": "itemxp_2",
    "aux": 0,
    "type": "Boost",
    "useType": "Consume",
    "tapSpeed": null,
    "heal": null,
    "nutrition": null,
    "mobDamage": null,
    "blockDamage": null,
    "health": null,
    "blockMetadata": {
      "health": null,
      "efficiencyCategory": null
    },
    "itemMetadata": {
      "useType": "Consume",
      "alternativeUseType": "None",
      "mobDamage": null,
      "blockDamage": null,
      "weakDamage": null,
      "nutrition": null,
      "heal": null,
      "efficiencyType": null,
      "maxHealth": null
    },
    "boostMetadata": {
      "name": "collecting_mob_xp",
      "attribute": "ItemExperiencePoints",
      "type": "Potion",
      "canBeDeactivated": false,
      "canBeRemoved": true,
      "activeDuration": null,
      "additive": true,
      "level": 2,
      "effects": [
        {
          "type": "ItemExperiencePoints",
          "duration": "00:15:00",
          "value": 75,
          "unit": "Percentage",
          "targets": "Player",
          "items": [
            "b168485f-dd72-4c6a-af04-46858c42d8a1",
            "f71be100-71b0-73c4-3b2c-1220cdc35eb6",
            "f4b8464c-6664-bbcd-0151-effce8347419",
            "426a7914-f259-12f6-e2fa-cca7d6759915",
            "fc218694-57ed-3712-27f4-85ac79ba86ca",
            "5967f131-4655-1b1a-68ea-ed7231000bb2",
            "f67bd319-db40-32cf-0891-73227e96e983",
            "6a105892-0863-3dcf-7482-7c7720597caa",
            "1bb789e2-c02e-c630-016a-9757d1bb26d2",
            "7a20d9c5-5c61-9b59-2114-a535f269cfd3",
            "c2e5a2eb-7888-e2cb-c641-951f93f5937b",
            "660c0f43-72f6-3735-1af3-38c987259ab6",
            "c6939411-4ca4-7982-5d9c-e9291179dce0",
            "2b76a637-a7e6-12b8-8d9d-58d3f1f8ed56",
            "6b9dca6b-7515-a83a-f4d2-d5a464247963",
            "cdc029f4-c70f-7158-eb95-95c8f3b28669",
            "ea2d68a2-fc49-0674-7422-2a546526476a",
            "e5853d38-a541-353e-bfd9-75c64e67af09",
            "07d29b57-cba3-71de-5a3f-3ea5752fdb6e",
            "7432ca39-127c-f354-7455-f3b3cc11b355",
            "06349b07-6f13-f252-1415-2b7cdaa74d4b",
            "3098f079-453a-5309-fb14-8067a199f01f",
            "88f06490-d30e-fd23-d515-261d9cde4879",
            "ba6b6909-b76c-8034-fec8-059a7a18ead9",
            "1ba6f2e8-a746-8597-3445-090a2d1cd732",
            "7535d81e-c960-28f2-d3ca-d1fd7b813c34",
            "df11aab9-cc2d-a914-9653-434def8d52c3",
            "f842128f-0d24-142e-9326-fd15399d71a4",
            "97bffc08-41f7-8520-0b36-21ba29b320a3",
            "99c19bda-f20c-7fb4-926a-c21f760be4a3",
            "038c8034-1d98-96ca-8278-bc69f592549f",
            "b8d149e4-5fee-f34d-bf56-24ec03e446b8",
            "ff723264-b108-9d24-f445-73a3322fc72e",
            "bc372a72-d2d7-0bb8-12d0-8dea6635b6e4",
            "576df436-a542-5692-458d-a60f69cc4a04",
            "bae634b3-6b3d-4ca0-8e1e-f223b6760727",
            "81afb63a-be28-0e12-47d0-e2eba32e1365",
            "f6629c5b-11bf-e128-a465-b875d4ff7d1b",
            "214103ec-f98b-4d7a-3dea-a69b696cefc2",
            "67d3d739-00fe-4e4b-4d6f-ccf2dac8bc06",
            "fd3399b1-bea8-1931-a583-0296b22e48a6",
            "52692846-f1bd-a9ee-554a-913f9cb1dc27",
            "20519eb8-6256-4fdd-a598-a2a20de10e1c",
            "ad24ee10-2f92-4ae8-4b5c-894aece9f834",
            "41cceca7-90f0-1e8f-fa69-c468ab49eec2",
            "0561d711-4266-92fe-4297-56de144a16a4",
            "86d00291-74cf-d564-f4a6-a9f1d6b19713",
            "34ac8c9e-57d2-55f6-a909-9dc35d09dac8",
            "ea21de22-c9fc-4983-ec42-bf6cb391a03e",
            "caf00a9c-b1f9-c37a-0f75-c8c7659becb0",
            "9dde0e4e-8104-f807-b714-2a5fa7ead5b9",
            "e422a666-3c82-389f-bbc4-119e8756d470",
            "99daba35-8d70-2281-01ab-bf5471c6f877",
            "360c9e9e-dfe1-669c-e091-6f547e18b623",
            "0cbe1f29-f0e7-880e-0862-41a20eec024a",
            "c44c331a-962f-19df-16a5-ff4bcc03722d",
            "cadf471c-8e90-b5a0-8376-9e0882f59e53",
            "94e9ca6f-a912-4ec1-7c59-42c1aee7eaba",
            "179b96c5-7627-406d-e42b-838a29ab0291",
            "805028aa-c421-2db9-c07b-0ac3592bed4e",
            "69840d34-5fde-64f1-0710-d8f9a34e3e5e",
            "6f5ef528-c271-e8cf-28df-8ac0654aed47",
            "e83cae16-1460-7487-202c-ff7000120c8d",
            "8e7cf221-0472-eb6c-4488-d4d5b0ee576e",
            "4f485a45-5d0b-c51e-72e3-219796c2e01b",
            "85a279d4-d403-4487-d96d-17a91604e638",
            "2e8e0fd5-d3b8-70be-b36a-31bd0caeafa8",
            "a0741c98-1bd7-b21e-998e-5adc57fd245d",
            "9e416506-5853-1b50-2484-97fa03553694",
            "ea7306fa-9dd0-897f-d1a8-2529521cd5f2",
            "68486cd0-d9ce-4414-73e0-ecdb33824d9f",
            "e4b00fc1-9143-00ed-e930-8c1c09c35d63",
            "b40a3bf6-f8f0-3024-24fd-9d4faf382fa3"
          ],
          "itemScenarios": [
            "Tappable"
          ],
          "activation": "Timed",
          "modifiesType": null
        }
      ],
      "scenario": null,
      "cooldown": null
    },
    "journalMetadata": null,
    "audioMetadata": null,
    "clientProperties": {}
  },
  "rarity": "Common",
  "fragmentsRequired": 1,
  "stacks": true,
  "burnRate": null,
  "fuelReturnItems": [],
  "consumeReturnItems": [],
  "deprecated": false,
  "experience": null,
  "experiencePoints": {},
  "category": "itemxp"
}
