{
  "id": "a4783b9c-8352-d57b-bb25-1a30d0216aae",
  "item": {
    "name": "leaves",
    "aux": 2,
    "type": "Block",
    "useType": "Build",
    "tapSpeed": 0,
    "heal": 0,
    "nutrition": 0,
    "mobDamage": 0,
    "blockDamage": 0,
    "health": 4,
    "blockMetadata": {
      "health": 4,
      "efficiencyCategory": "leaves"
    },
    "itemMetadata": {
      "useType": "Build",
      "alternativeUseType": "None",
      "mobDamage": 0,
      "blockDamage": 0,
      "weakDamage": null,
      "nutrition": 0,
      "heal": 0,
      "efficiencyType": null,
      "maxHealth": 4
    },
    "boostMetadata": null,
    "journalMetadata": {
      "groupKey": "natural blocks",
      "experience": 0,
      "order": 2018,
      "behavior": "None",
      "biome": "BirchForest"
    },
    "audioMetadata": {
      "sounds": {
        "journal": "journal.select.plants"
      },
      "defaultSound": "journal.select.plants"
    },
    "clientProperties": {}
  },
  "rarity": "Common",
  "fragmentsRequired": 1,
  "stacks": true,
  "burnRate": null,
  "fuelReturnItems": [],
  "consumeReturnItems": [],
  "deprecated": false,
  "experience": 6,
  "experiencePoints": {
    "tappable": 6
  },
  "category": "Nature"
}
