{
  "id": "7ce55883-65c3-faa7-cbb8-9f2d872146a7",
  "item": {
    "name": "lever",
    "aux": 0,
    "type": "Block",
    "useType": "Build",
    "tapSpeed": 0,
    "heal": 0,
    "nutrition": 0,
    "mobDamage": 0,
    "blockDamage": 0,
    "health": 5,
    "blockMetadata": {
      "health": 5,
      "efficiencyCategory": "equal"
    },
    "itemMetadata": {
      "useType": "Build",
      "alternativeUseType": "None",
      "mobDamage": 0,
      "blockDamage": 0,
      "weakDamage": null,
      "nutrition": 0,
      "heal": 0,
      "efficiencyType": null,
      "maxHealth": 5
    },
    "boostMetadata": null,
    "journalMetadata": {
      "groupKey": "mechanisms",
      "experience": 0,
      "order": 69,
      "behavior": "None",
      "biome": "None"
    },
    "audioMetadata": {
      "sounds": {
        "journal": "journal.select.click"
      },
      "defaultSound": "journal.select.click"
    },
    "clientProperties": {}
  },
  "rarity": "Common",
  "fragmentsRequired": 1,
  "stacks": true,
  "burnRate": null,
  "fuelReturnItems": [],
  "consumeReturnItems": [],
  "deprecated": false,
  "experience": 10,
  "experiencePoints": {
    "tappable": 10
  },
  "category": "Items"
}
