{
  "id": "c1f26b54-0ba4-ad64-a263-69d03d043f59",
  "item": {
    "name": "oak_stairs",
    "aux": 0,
    "type": "Block",
    "useType": "Build",
    "tapSpeed": 0,
    "heal": 0,
    "nutrition": 0,
    "mobDamage": 0,
    "blockDamage": 0,
    "health": 15,
    "blockMetadata": {
      "health": 15,
      "efficiencyCategory": "wood"
    },
    "itemMetadata": {
      "useType": "Build",
      "alternativeUseType": "None",
      "mobDamage": 0,
      "blockDamage": 0,
      "weakDamage": null,
      "nutrition": 0,
      "heal": 0,
      "efficiencyType": null,
      "maxHealth": 15
    },
    "boostMetadata": null,
    "journalMetadata": {
      "groupKey": "manufactured blocks",
      "experience": 0,
      "order": 53,
      "behavior": "None",
      "biome": "None"
    },
    "audioMetadata": {
      "sounds": {
        "journal": "journal.select.wood"
      },
      "defaultSound": "journal.select.wood"
    },
    "clientProperties": {}
  },
  "rarity": "Common",
  "fragmentsRequired": 1,
  "stacks": true,
  "burnRate": {
    "heatPerSecond": 27,
    "burnTime": 14
  },
  "fuelReturnItems": [],
  "consumeReturnItems": [],
  "deprecated": false,
  "experience": 10,
  "experiencePoints": {
    "tappable": 10
  },
  "category": "Construction"
}
