{
  "id": "bc7973d3-488f-54a0-3f59-93285b2fda7f",
  "item": {
    "name": "quartz",
    "aux": 0,
    "type": "Block",
    "useType": "Build",
    "tapSpeed": 0,
    "heal": 0,
    "nutrition": 0,
    "mobDamage": 0,
    "blockDamage": 0,
    "health": 0,
    "blockMetadata": {
      "health": 0,
      "efficiencyCategory": "instant"
    },
    "itemMetadata": {
      "useType": "Build",
      "alternativeUseType": "None",
      "mobDamage": 0,
      "blockDamage": 0,
      "weakDamage": null,
      "nutrition": 0,
      "heal": 0,
      "efficiencyType": null,
      "maxHealth": 0
    },
    "boostMetadata": null,
    "journalMetadata": {
      "groupKey": "natural blocks",
      "experience": 0,
      "order": 87,
      "behavior": "None",
      "biome": "Hell"
    },
    "audioMetadata": {
      "sounds": {
        "journal": "journal.select.stone"
      },
      "defaultSound": "journal.select.stone"
    },
    "clientProperties": {}
  },
  "rarity": "Epic",
  "fragmentsRequired": 1,
  "stacks": true,
  "burnRate": null,
  "fuelReturnItems": [],
  "consumeReturnItems": [],
  "deprecated": false,
  "experience": 1,
  "experiencePoints": {
    "tappable": 1
  },
  "category": "Construction"
}
