{
  "id": "4dca75c4-6cc4-4216-5142-73fd677f90c5",
  "item": {
    "name": "red_flower",
    "aux": 10,
    "type": "Block",
    "useType": "Build",
    "tapSpeed": 0,
    "heal": 0,
    "nutrition": 0,
    "mobDamage": 0,
    "blockDamage": 0,
    "health": 1,
    "blockMetadata": {
      "health": 1,
      "efficiencyCategory": "plants"
    },
    "itemMetadata": {
      "useType": "Build",
      "alternativeUseType": "None",
      "mobDamage": 0,
      "blockDamage": 0,
      "weakDamage": null,
      "nutrition": 0,
      "heal": 0,
      "efficiencyType": null,
      "maxHealth": 1
    },
    "boostMetadata": null,
    "journalMetadata": {
      "groupKey": "plants",
      "experience": 0,
      "order": 2038,
      "behavior": "None",
      "biome": "FlowerForest"
    },
    "audioMetadata": null,
    "clientProperties": {}
  },
  "rarity": "Common",
  "fragmentsRequired": 1,
  "stacks": true,
  "burnRate": null,
  "fuelReturnItems": [],
  "consumeReturnItems": [],
  "deprecated": false,
  "experience": 10,
  "experiencePoints": {
    "tappable": 10
  },
  "category": "Nature"
}
