{
  "id": "c3a5c83b-9c0f-275a-b101-bc0ae6d32e1e",
  "item": {
    "name": "slime_ball",
    "aux": 0,
    "type": "Block",
    "useType": "Interact",
    "tapSpeed": 0,
    "heal": 0,
    "nutrition": 0,
    "mobDamage": 0,
    "blockDamage": 0,
    "health": 0,
    "blockMetadata": {
      "health": 0,
      "efficiencyCategory": null
    },
    "itemMetadata": {
      "useType": "Interact",
      "alternativeUseType": "None",
      "mobDamage": 0,
      "blockDamage": 0,
      "weakDamage": null,
      "nutrition": 0,
      "heal": 0,
      "efficiencyType": null,
      "maxHealth": 0
    },
    "boostMetadata": null,
    "journalMetadata": {
      "groupKey": "mob drops",
      "experience": 0,
      "order": 341,
      "behavior": "None",
      "biome": "Swampland"
    },
    "audioMetadata": {
      "sounds": {
        "journal": "journal.select.slime"
      },
      "defaultSound": "journal.select.slime"
    },
    "clientProperties": {}
  },
  "rarity": "Common",
  "fragmentsRequired": 1,
  "stacks": true,
  "burnRate": null,
  "fuelReturnItems": [],
  "consumeReturnItems": [],
  "deprecated": false,
  "experience": null,
  "experiencePoints": {
    "tappable": 1
  },
  "category": "Items"
}
