{
  "id": "99daba35-8d70-2281-01ab-bf5471c6f877",
  "item": {
    "name": "spawn_egg",
    "aux": 12,
    "type": "Mob",
    "useType": "Build",
    "tapSpeed": 0,
    "heal": 0,
    "nutrition": 0,
    "mobDamage": 0,
    "blockDamage": 0,
    "health": 10,
    "blockMetadata": {
      "health": 10,
      "efficiencyCategory": "instant"
    },
    "itemMetadata": {
      "useType": "Build",
      "alternativeUseType": "None",
      "mobDamage": 0,
      "blockDamage": 0,
      "weakDamage": null,
      "nutrition": 0,
      "heal": 0,
      "efficiencyType": null,
      "maxHealth": 10
    },
    "boostMetadata": null,
    "journalMetadata": {
      "groupKey": "pig",
      "experience": 0,
      "order": 2395,
      "behavior": "Passive",
      "biome": "Overworld"
    },
    "audioMetadata": null,
    "clientProperties": {}
  },
  "rarity": "Common",
  "fragmentsRequired": 1,
  "stacks": true,
  "burnRate": null,
  "fuelReturnItems": [],
  "consumeReturnItems": [],
  "deprecated": false,
  "experience": 45,
  "experiencePoints": {
    "tappable": 45,
    "encounter": 10
  },
  "category": "Mobs"
}
