{
  "id": "6a105892-0863-3dcf-7482-7c7720597caa",
  "item": {
    "name": "spawn_egg",
    "aux": 5001,
    "type": "Mob",
    "useType": "Build",
    "tapSpeed": 0,
    "heal": 0,
    "nutrition": 0,
    "mobDamage": 0,
    "blockDamage": 0,
    "health": 4,
    "blockMetadata": {
      "health": 4,
      "efficiencyCategory": "instant"
    },
    "itemMetadata": {
      "useType": "Build",
      "alternativeUseType": "None",
      "mobDamage": 0,
      "blockDamage": 0,
      "weakDamage": null,
      "nutrition": 0,
      "heal": 0,
      "efficiencyType": null,
      "maxHealth": 4
    },
    "boostMetadata": null,
    "journalMetadata": {
      "groupKey": "chicken",
      "experience": 0,
      "order": 7384,
      "behavior": "Passive",
      "biome": "Forest"
    },
    "audioMetadata": null,
    "clientProperties": {}
  },
  "rarity": "Rare",
  "fragmentsRequired": 1,
  "stacks": true,
  "burnRate": null,
  "fuelReturnItems": [],
  "consumeReturnItems": [],
  "deprecated": false,
  "experience": 40,
  "experiencePoints": {
    "tappable": 40,
    "encounter": 5
  },
  "category": "Mobs"
}
