{
  "id": "c44c331a-962f-19df-16a5-ff4bcc03722d",
  "item": {
    "name": "spawn_egg",
    "aux": 30,
    "type": "Mob",
    "useType": "Build",
    "tapSpeed": 0,
    "heal": 0,
    "nutrition": 0,
    "mobDamage": 0,
    "blockDamage": 0,
    "health": 6,
    "blockMetadata": {
      "health": 6,
      "efficiencyCategory": "instant"
    },
    "itemMetadata": {
      "useType": "Build",
      "alternativeUseType": "None",
      "mobDamage": 0,
      "blockDamage": 0,
      "weakDamage": null,
      "nutrition": 0,
      "heal": 0,
      "efficiencyType": null,
      "maxHealth": 6
    },
    "boostMetadata": null,
    "journalMetadata": {
      "groupKey": "parrot",
      "experience": 0,
      "order": 2413,
      "behavior": "Passive",
      "biome": "Jungle"
    },
    "audioMetadata": {
      "sounds": {
        "journal": "journal.select.parrot"
      },
      "defaultSound": "journal.select.parrot"
    },
    "clientProperties": {}
  },
  "rarity": "Common",
  "fragmentsRequired": 1,
  "stacks": true,
  "burnRate": null,
  "fuelReturnItems": [],
  "consumeReturnItems": [],
  "deprecated": false,
  "experience": null,
  "experiencePoints": {
    "tappable": 30,
    "encounter": 6
  },
  "category": "Mobs"
}
