{
  "id": "b8d149e4-5fee-f34d-bf56-24ec03e446b8",
  "item": {
    "name": "spawn_egg",
    "aux": 5013,
    "type": "Mob",
    "useType": "Build",
    "tapSpeed": 0,
    "heal": 0,
    "nutrition": 0,
    "mobDamage": 0,
    "blockDamage": 0,
    "health": 16,
    "blockMetadata": {
      "health": 16,
      "efficiencyCategory": "instant"
    },
    "itemMetadata": {
      "useType": "Build",
      "alternativeUseType": "None",
      "mobDamage": 0,
      "blockDamage": 0,
      "weakDamage": null,
      "nutrition": 0,
      "heal": 0,
      "efficiencyType": null,
      "maxHealth": 16
    },
    "boostMetadata": null,
    "journalMetadata": {
      "groupKey": "slime",
      "experience": 0,
      "order": 7396,
      "behavior": "Hostile",
      "biome": "Jungle"
    },
    "audioMetadata": null,
    "clientProperties": {}
  },
  "rarity": "Rare",
  "fragmentsRequired": 1,
  "stacks": true,
  "burnRate": null,
  "fuelReturnItems": [],
  "consumeReturnItems": [],
  "deprecated": false,
  "experience": 60,
  "experiencePoints": {
    "tappable": 60,
    "encounter": 20
  },
  "category": "Mobs"
}
