{
  "id": "86d00291-74cf-d564-f4a6-a9f1d6b19713",
  "item": {
    "name": "spawn_egg",
    "aux": 5003,
    "type": "Mob",
    "useType": "Build",
    "tapSpeed": 0,
    "heal": 0,
    "nutrition": 0,
    "mobDamage": 0,
    "blockDamage": 0,
    "health": 8,
    "blockMetadata": {
      "health": 8,
      "efficiencyCategory": "instant"
    },
    "itemMetadata": {
      "useType": "Build",
      "alternativeUseType": "None",
      "mobDamage": 0,
      "blockDamage": 0,
      "weakDamage": null,
      "nutrition": 0,
      "heal": 0,
      "efficiencyType": null,
      "maxHealth": 8
    },
    "boostMetadata": null,
    "journalMetadata": {
      "groupKey": "sheep",
      "experience": 0,
      "order": 7386,
      "behavior": "Neutral",
      "biome": "Plains"
    },
    "audioMetadata": null,
    "clientProperties": {}
  },
  "rarity": "Rare",
  "fragmentsRequired": 1,
  "stacks": true,
  "burnRate": null,
  "fuelReturnItems": [],
  "consumeReturnItems": [],
  "deprecated": false,
  "experience": 110,
  "experiencePoints": {
    "tappable": 110,
    "encounter": 10
  },
  "category": "Mobs"
}
