{
  "id": "07d29b57-cba3-71de-5a3f-3ea5752fdb6e",
  "item": {
    "name": "spawn_egg",
    "aux": 34,
    "type": "Mob",
    "useType": "Build",
    "tapSpeed": 0,
    "heal": 0,
    "nutrition": 0,
    "mobDamage": 0,
    "blockDamage": 0,
    "health": 20,
    "blockMetadata": {
      "health": 20,
      "efficiencyCategory": "instant"
    },
    "itemMetadata": {
      "useType": "Build",
      "alternativeUseType": "None",
      "mobDamage": 0,
      "blockDamage": 0,
      "weakDamage": null,
      "nutrition": 0,
      "heal": 0,
      "efficiencyType": null,
      "maxHealth": 20
    },
    "boostMetadata": null,
    "journalMetadata": {
      "groupKey": "skeleton",
      "experience": 0,
      "order": 2417,
      "behavior": "Hostile",
      "biome": "Overworld"
    },
    "audioMetadata": null,
    "clientProperties": {}
  },
  "rarity": "Common",
  "fragmentsRequired": 1,
  "stacks": true,
  "burnRate": null,
  "fuelReturnItems": [],
  "consumeReturnItems": [],
  "deprecated": false,
  "experience": 60,
  "experiencePoints": {
    "tappable": 60,
    "encounter": 20
  },
  "category": "Mobs"
}
