{
  "id": "20519eb8-6256-4fdd-a598-a2a20de10e1c",
  "item": {
    "name": "spawn_egg",
    "aux": 5012,
    "type": "Mob",
    "useType": "Build",
    "tapSpeed": 0,
    "heal": 0,
    "nutrition": 0,
    "mobDamage": 0,
    "blockDamage": 0,
    "health": 4,
    "blockMetadata": {
      "health": 4,
      "efficiencyCategory": "instant"
    },
    "itemMetadata": {
      "useType": "Build",
      "alternativeUseType": "None",
      "mobDamage": 0,
      "blockDamage": 0,
      "weakDamage": null,
      "nutrition": 0,
      "heal": 0,
      "efficiencyType": null,
      "maxHealth": 4
    },
    "boostMetadata": null,
    "journalMetadata": {
      "groupKey": "golem",
      "experience": 0,
      "order": 7395,
      "behavior": "Neutral",
      "biome": "IcePlains"
    },
    "audioMetadata": {
      "sounds": {
        "journal": "journal.select.melon.golem"
      },
      "defaultSound": "journal.select.melon.golem"
    },
    "clientProperties": {}
  },
  "rarity": "Uncommon",
  "fragmentsRequired": 1,
  "stacks": true,
  "burnRate": null,
  "fuelReturnItems": [],
  "consumeReturnItems": [],
  "deprecated": false,
  "experience": 50,
  "experiencePoints": {
    "tappable": 50,
    "encounter": 5
  },
  "category": "Mobs"
}
