{
  "id": "85a279d4-d403-4487-d96d-17a91604e638",
  "item": {
    "name": "spawn_egg",
    "aux": 5006,
    "type": "Mob",
    "useType": "Build",
    "tapSpeed": 0,
    "heal": 0,
    "nutrition": 0,
    "mobDamage": 0,
    "blockDamage": 0,
    "health": 32,
    "blockMetadata": {
      "health": 32,
      "efficiencyCategory": "instant"
    },
    "itemMetadata": {
      "useType": "Build",
      "alternativeUseType": "None",
      "mobDamage": 0,
      "blockDamage": 0,
      "weakDamage": null,
      "nutrition": 0,
      "heal": 0,
      "efficiencyType": null,
      "maxHealth": 32
    },
    "boostMetadata": null,
    "journalMetadata": {
      "groupKey": "spider",
      "experience": 0,
      "order": 7389,
      "behavior": "Hostile",
      "biome": "RoofedForest"
    },
    "audioMetadata": {
      "sounds": {
        "journal": "journal.select.bone.spider"
      },
      "defaultSound": "journal.select.bone.spider"
    },
    "clientProperties": {}
  },
  "rarity": "Rare",
  "fragmentsRequired": 1,
  "stacks": true,
  "burnRate": null,
  "fuelReturnItems": [],
  "consumeReturnItems": [],
  "deprecated": false,
  "experience": 39,
  "experiencePoints": {
    "tappable": 39,
    "encounter": 10
  },
  "category": "Mobs"
}
