{
  "id": "f71be100-71b0-73c4-3b2c-1220cdc35eb6",
  "item": {
    "name": "spawn_egg",
    "aux": 11,
    "type": "Mob",
    "useType": "Build",
    "tapSpeed": 0,
    "heal": 0,
    "nutrition": 0,
    "mobDamage": 0,
    "blockDamage": 0,
    "health": 10,
    "blockMetadata": {
      "health": 10,
      "efficiencyCategory": "instant"
    },
    "itemMetadata": {
      "useType": "Build",
      "alternativeUseType": "None",
      "mobDamage": 0,
      "blockDamage": 0,
      "weakDamage": null,
      "nutrition": 0,
      "heal": 0,
      "efficiencyType": null,
      "maxHealth": 10
    },
    "boostMetadata": null,
    "journalMetadata": {
      "groupKey": "cow",
      "experience": 0,
      "order": 2394,
      "behavior": "Passive",
      "biome": "Overworld"
    },
    "audioMetadata": null,
    "clientProperties": {}
  },
  "rarity": "Common",
  "fragmentsRequired": 1,
  "stacks": true,
  "burnRate": null,
  "fuelReturnItems": [],
  "consumeReturnItems": [],
  "deprecated": false,
  "experience": 50,
  "experiencePoints": {
    "tappable": 50,
    "encounter": 10
  },
  "category": "Mobs"
}
