{
  "id": "81afb63a-be28-0e12-47d0-e2eba32e1365",
  "item": {
    "name": "spawn_egg",
    "aux": 35,
    "type": "Mob",
    "useType": "Build",
    "tapSpeed": 0,
    "heal": 0,
    "nutrition": 0,
    "mobDamage": 0,
    "blockDamage": 0,
    "health": 16,
    "blockMetadata": {
      "health": 16,
      "efficiencyCategory": "instant"
    },
    "itemMetadata": {
      "useType": "Build",
      "alternativeUseType": "None",
      "mobDamage": 0,
      "blockDamage": 0,
      "weakDamage": null,
      "nutrition": 0,
      "heal": 0,
      "efficiencyType": null,
      "maxHealth": 16
    },
    "boostMetadata": null,
    "journalMetadata": {
      "groupKey": "spider",
      "experience": 0,
      "order": 2418,
      "behavior": "Hostile",
      "biome": "Overworld"
    },
    "audioMetadata": null,
    "clientProperties": {}
  },
  "rarity": "Common",
  "fragmentsRequired": 1,
  "stacks": true,
  "burnRate": null,
  "fuelReturnItems": [],
  "consumeReturnItems": [],
  "deprecated": false,
  "experience": 60,
  "experiencePoints": {
    "tappable": 60,
    "encounter": 16
  },
  "category": "Mobs"
}
