{
  "id": "e5853d38-a541-353e-bfd9-75c64e67af09",
  "item": {
    "name": "spawn_egg",
    "aux": 5004,
    "type": "Mob",
    "useType": "Build",
    "tapSpeed": 0,
    "heal": 0,
    "nutrition": 0,
    "mobDamage": 0,
    "blockDamage": 0,
    "health": 3,
    "blockMetadata": {
      "health": 3,
      "efficiencyCategory": "instant"
    },
    "itemMetadata": {
      "useType": "Build",
      "alternativeUseType": "None",
      "mobDamage": 0,
      "blockDamage": 0,
      "weakDamage": null,
      "nutrition": 0,
      "heal": 0,
      "efficiencyType": null,
      "maxHealth": 3
    },
    "boostMetadata": null,
    "journalMetadata": {
      "groupKey": "rabbit",
      "experience": 0,
      "order": 5004,
      "behavior": "Passive",
      "biome": "Desert"
    },
    "audioMetadata": {
      "sounds": {
        "journal": "journal.select.jumbo.rabbit"
      },
      "defaultSound": "journal.select.jumbo.rabbit"
    },
    "clientProperties": {}
  },
  "rarity": "Uncommon",
  "fragmentsRequired": 1,
  "stacks": true,
  "burnRate": null,
  "fuelReturnItems": [],
  "consumeReturnItems": [],
  "deprecated": false,
  "experience": 60,
  "experiencePoints": {
    "tappable": 60,
    "encounter": 4
  },
  "category": "Mobs"
}
